{
    "tc0": {
        "st0": {
            "state": "straight",
            "value": 5
        },
        "st1": {
            "state": "left",
            "value": 45
        },
        "st2": {
            "state": "left",
            "value": 35
        },
        "st3": {
            "state": "right",
            "value": 25
        },
        "st4": {
            "state": "right",
            "value": 80
        },
        "st5": {
            "state": "right",
            "value": 35
        },
        "st6": {
            "state": "right",
            "value": 30
        },
        "st7": {
            "state": "right",
            "value": 70
        },
        "st8": {
            "state": "right",
            "value": 20
        },
        "st9": {
            "state": "straight",
            "value": 29
        },
        "st10": {
            "state": "left",
            "value": 70
        },
        "st11": {
            "state": "right",
            "value": 30
        },
        "st12": {
            "state": "straight",
            "value": 8
        },
        "st13": {
            "state": "left",
            "value": 15
        },
        "st14": {
            "state": "left",
            "value": 40
        },
        "st15": {
            "state": "straight",
            "value": 27
        },
        "st16": {
            "state": "right",
            "value": 30
        },
        "st17": {
            "state": "left",
            "value": 20
        }
    },
    "tc1": {
        "st0": {
            "state": "straight",
            "value": 5
        },
        "st1": {
            "state": "left",
            "value": 55
        },
        "st2": {
            "state": "right",
            "value": 15
        },
        "st3": {
            "state": "left",
            "value": 35
        },
        "st4": {
            "state": "right",
            "value": 70
        },
        "st5": {
            "state": "left",
            "value": 80
        },
        "st6": {
            "state": "right",
            "value": 10
        },
        "st7": {
            "state": "left",
            "value": 75
        },
        "st8": {
            "state": "left",
            "value": 40
        },
        "st9": {
            "state": "left",
            "value": 55
        },
        "st10": {
            "state": "right",
            "value": 15
        },
        "st11": {
            "state": "straight",
            "value": 27
        },
        "st12": {
            "state": "right",
            "value": 45
        },
        "st13": {
            "state": "right",
            "value": 60
        },
        "st14": {
            "state": "left",
            "value": 10
        },
        "st15": {
            "state": "right",
            "value": 30
        },
        "st16": {
            "state": "left",
            "value": 85
        },
        "st17": {
            "state": "right",
            "value": 60
        },
        "st18": {
            "state": "straight",
            "value": 15
        }
    },
    "tc2": {
        "st0": {
            "state": "straight",
            "value": 5
        },
        "st1": {
            "state": "right",
            "value": 60
        },
        "st2": {
            "state": "straight",
            "value": 13
        },
        "st3": {
            "state": "right",
            "value": 65
        },
        "st4": {
            "state": "straight",
            "value": 18
        },
        "st5": {
            "state": "left",
            "value": 60
        },
        "st6": {
            "state": "left",
            "value": 65
        }
    },
    "tc3": {
        "st0": {
            "state": "straight",
            "value": 5
        },
        "st1": {
            "state": "left",
            "value": 45
        },
        "st2": {
            "state": "right",
            "value": 30
        },
        "st3": {
            "state": "straight",
            "value": 9
        },
        "st4": {
            "state": "left",
            "value": 25
        },
        "st5": {
            "state": "straight",
            "value": 8
        },
        "st6": {
            "state": "right",
            "value": 55
        },
        "st7": {
            "state": "right",
            "value": 50
        },
        "st8": {
            "state": "right",
            "value": 30
        },
        "st9": {
            "state": "right",
            "value": 65
        },
        "st10": {
            "state": "straight",
            "value": 43
        },
        "st11": {
            "state": "straight",
            "value": 14
        },
        "st12": {
            "state": "left",
            "value": 10
        },
        "st13": {
            "state": "left",
            "value": 50
        },
        "st14": {
            "state": "left",
            "value": 75
        },
        "st15": {
            "state": "straight",
            "value": 38
        },
        "st16": {
            "state": "straight",
            "value": 24
        }
    },
    "tc4": {
        "st0": {
            "state": "straight",
            "value": 5
        },
        "st1": {
            "state": "left",
            "value": 80
        },
        "st2": {
            "state": "right",
            "value": 25
        },
        "st3": {
            "state": "straight",
            "value": 22
        },
        "st4": {
            "state": "left",
            "value": 45
        },
        "st5": {
            "state": "left",
            "value": 15
        },
        "st6": {
            "state": "left",
            "value": 55
        },
        "st7": {
            "state": "right",
            "value": 20
        },
        "st8": {
            "state": "left",
            "value": 70
        },
        "st9": {
            "state": "right",
            "value": 10
        },
        "st10": {
            "state": "right",
            "value": 40
        },
        "st11": {
            "state": "right",
            "value": 35
        },
        "st12": {
            "state": "left",
            "value": 25
        },
        "st13": {
            "state": "left",
            "value": 60
        },
        "st14": {
            "state": "left",
            "value": 45
        },
        "st15": {
            "state": "right",
            "value": 85
        }
    },
    "tc5": {
        "st0": {
            "state": "straight",
            "value": 5
        },
        "st1": {
            "state": "straight",
            "value": 25
        },
        "st2": {
            "state": "right",
            "value": 20
        },
        "st3": {
            "state": "left",
            "value": 15
        },
        "st4": {
            "state": "left",
            "value": 50
        },
        "st5": {
            "state": "left",
            "value": 40
        },
        "st6": {
            "state": "straight",
            "value": 30
        },
        "st7": {
            "state": "left",
            "value": 60
        },
        "st8": {
            "state": "straight",
            "value": 16
        },
        "st9": {
            "state": "straight",
            "value": 38
        }
    },
    "tc6": {
        "st0": {
            "state": "straight",
            "value": 5
        },
        "st1": {
            "state": "left",
            "value": 55
        },
        "st2": {
            "state": "left",
            "value": 50
        },
        "st3": {
            "state": "right",
            "value": 15
        },
        "st4": {
            "state": "right",
            "value": 15
        },
        "st5": {
            "state": "left",
            "value": 70
        },
        "st6": {
            "state": "right",
            "value": 10
        },
        "st7": {
            "state": "right",
            "value": 50
        },
        "st8": {
            "state": "right",
            "value": 65
        }
    },
    "tc7": {
        "st0": {
            "state": "straight",
            "value": 5
        },
        "st1": {
            "state": "left",
            "value": 30
        },
        "st2": {
            "state": "right",
            "value": 85
        },
        "st3": {
            "state": "left",
            "value": 35
        },
        "st4": {
            "state": "straight",
            "value": 25
        },
        "st5": {
            "state": "right",
            "value": 55
        },
        "st6": {
            "state": "left",
            "value": 35
        },
        "st7": {
            "state": "right",
            "value": 10
        }
    },
    "tc8": {
        "st0": {
            "state": "straight",
            "value": 5
        },
        "st1": {
            "state": "left",
            "value": 50
        },
        "st2": {
            "state": "right",
            "value": 10
        },
        "st3": {
            "state": "right",
            "value": 85
        },
        "st4": {
            "state": "right",
            "value": 35
        },
        "st5": {
            "state": "straight",
            "value": 15
        },
        "st6": {
            "state": "left",
            "value": 30
        },
        "st7": {
            "state": "straight",
            "value": 16
        },
        "st8": {
            "state": "right",
            "value": 65
        },
        "st9": {
            "state": "right",
            "value": 65
        },
        "st10": {
            "state": "right",
            "value": 45
        },
        "st11": {
            "state": "left",
            "value": 45
        },
        "st12": {
            "state": "right",
            "value": 70
        },
        "st13": {
            "state": "left",
            "value": 25
        },
        "st14": {
            "state": "straight",
            "value": 15
        },
        "st15": {
            "state": "left",
            "value": 85
        },
        "st16": {
            "state": "straight",
            "value": 11
        },
        "st17": {
            "state": "right",
            "value": 35
        },
        "st18": {
            "state": "straight",
            "value": 15
        },
        "st19": {
            "state": "left",
            "value": 25
        }
    },
    "tc9": {
        "st0": {
            "state": "straight",
            "value": 5
        },
        "st1": {
            "state": "right",
            "value": 20
        },
        "st2": {
            "state": "straight",
            "value": 19
        },
        "st3": {
            "state": "right",
            "value": 75
        },
        "st4": {
            "state": "straight",
            "value": 10
        },
        "st5": {
            "state": "left",
            "value": 50
        },
        "st6": {
            "state": "left",
            "value": 75
        }
    },
    "tc10": {
        "st0": {
            "state": "straight",
            "value": 5
        },
        "st1": {
            "state": "left",
            "value": 60
        },
        "st2": {
            "state": "straight",
            "value": 12
        },
        "st3": {
            "state": "straight",
            "value": 6
        },
        "st4": {
            "state": "right",
            "value": 60
        },
        "st5": {
            "state": "right",
            "value": 65
        },
        "st6": {
            "state": "right",
            "value": 40
        },
        "st7": {
            "state": "right",
            "value": 85
        },
        "st8": {
            "state": "left",
            "value": 50
        },
        "st9": {
            "state": "left",
            "value": 10
        },
        "st10": {
            "state": "right",
            "value": 70
        },
        "st11": {
            "state": "right",
            "value": 15
        },
        "st12": {
            "state": "left",
            "value": 55
        },
        "st13": {
            "state": "right",
            "value": 60
        },
        "st14": {
            "state": "straight",
            "value": 28
        },
        "st15": {
            "state": "left",
            "value": 70
        }
    },
    "tc11": {
        "st0": {
            "state": "straight",
            "value": 5
        },
        "st1": {
            "state": "straight",
            "value": 49
        },
        "st2": {
            "state": "right",
            "value": 75
        },
        "st3": {
            "state": "straight",
            "value": 49
        },
        "st4": {
            "state": "right",
            "value": 50
        },
        "st5": {
            "state": "straight",
            "value": 5
        },
        "st6": {
            "state": "right",
            "value": 10
        }
    },
    "tc12": {
        "st0": {
            "state": "straight",
            "value": 5
        },
        "st1": {
            "state": "straight",
            "value": 39
        },
        "st2": {
            "state": "right",
            "value": 20
        },
        "st3": {
            "state": "straight",
            "value": 17
        },
        "st4": {
            "state": "left",
            "value": 80
        }
    },
    "tc13": {
        "st0": {
            "state": "straight",
            "value": 5
        },
        "st1": {
            "state": "right",
            "value": 75
        },
        "st2": {
            "state": "straight",
            "value": 20
        },
        "st3": {
            "state": "right",
            "value": 10
        },
        "st4": {
            "state": "right",
            "value": 75
        },
        "st5": {
            "state": "right",
            "value": 65
        },
        "st6": {
            "state": "right",
            "value": 35
        },
        "st7": {
            "state": "left",
            "value": 25
        },
        "st8": {
            "state": "straight",
            "value": 20
        },
        "st9": {
            "state": "right",
            "value": 35
        },
        "st10": {
            "state": "straight",
            "value": 38
        },
        "st11": {
            "state": "left",
            "value": 20
        },
        "st12": {
            "state": "right",
            "value": 40
        },
        "st13": {
            "state": "left",
            "value": 25
        },
        "st14": {
            "state": "right",
            "value": 40
        },
        "st15": {
            "state": "left",
            "value": 60
        }
    },
    "tc14": {
        "st0": {
            "state": "straight",
            "value": 5
        },
        "st1": {
            "state": "right",
            "value": 75
        },
        "st2": {
            "state": "left",
            "value": 10
        },
        "st3": {
            "state": "right",
            "value": 25
        },
        "st4": {
            "state": "left",
            "value": 20
        },
        "st5": {
            "state": "left",
            "value": 10
        },
        "st6": {
            "state": "straight",
            "value": 39
        },
        "st7": {
            "state": "left",
            "value": 55
        },
        "st8": {
            "state": "right",
            "value": 50
        }
    },
    "tc15": {
        "st0": {
            "state": "straight",
            "value": 5
        },
        "st1": {
            "state": "straight",
            "value": 24
        },
        "st2": {
            "state": "right",
            "value": 40
        },
        "st3": {
            "state": "straight",
            "value": 37
        },
        "st4": {
            "state": "left",
            "value": 70
        }
    },
    "tc16": {
        "st0": {
            "state": "straight",
            "value": 5
        },
        "st1": {
            "state": "right",
            "value": 15
        },
        "st2": {
            "state": "right",
            "value": 55
        },
        "st3": {
            "state": "right",
            "value": 65
        },
        "st4": {
            "state": "right",
            "value": 15
        },
        "st5": {
            "state": "straight",
            "value": 35
        },
        "st6": {
            "state": "left",
            "value": 75
        },
        "st7": {
            "state": "left",
            "value": 35
        },
        "st8": {
            "state": "left",
            "value": 35
        },
        "st9": {
            "state": "left",
            "value": 15
        },
        "st10": {
            "state": "right",
            "value": 15
        }
    },
    "tc17": {
        "st0": {
            "state": "straight",
            "value": 5
        },
        "st1": {
            "state": "right",
            "value": 15
        },
        "st2": {
            "state": "right",
            "value": 85
        },
        "st3": {
            "state": "straight",
            "value": 20
        },
        "st4": {
            "state": "left",
            "value": 60
        },
        "st5": {
            "state": "straight",
            "value": 32
        },
        "st6": {
            "state": "left",
            "value": 15
        },
        "st7": {
            "state": "left",
            "value": 45
        },
        "st8": {
            "state": "right",
            "value": 35
        },
        "st9": {
            "state": "left",
            "value": 15
        }
    },
    "tc18": {
        "st0": {
            "state": "straight",
            "value": 5
        },
        "st1": {
            "state": "right",
            "value": 70
        },
        "st2": {
            "state": "right",
            "value": 80
        },
        "st3": {
            "state": "right",
            "value": 80
        },
        "st4": {
            "state": "right",
            "value": 10
        },
        "st5": {
            "state": "left",
            "value": 75
        },
        "st6": {
            "state": "left",
            "value": 65
        },
        "st7": {
            "state": "left",
            "value": 70
        },
        "st8": {
            "state": "straight",
            "value": 42
        },
        "st9": {
            "state": "right",
            "value": 15
        }
    },
    "tc19": {
        "st0": {
            "state": "straight",
            "value": 5
        },
        "st1": {
            "state": "left",
            "value": 20
        },
        "st2": {
            "state": "right",
            "value": 80
        },
        "st3": {
            "state": "left",
            "value": 55
        },
        "st4": {
            "state": "straight",
            "value": 23
        },
        "st5": {
            "state": "right",
            "value": 45
        },
        "st6": {
            "state": "right",
            "value": 55
        },
        "st7": {
            "state": "right",
            "value": 45
        },
        "st8": {
            "state": "right",
            "value": 35
        },
        "st9": {
            "state": "straight",
            "value": 17
        },
        "st10": {
            "state": "left",
            "value": 70
        },
        "st11": {
            "state": "right",
            "value": 25
        },
        "st12": {
            "state": "left",
            "value": 45
        }
    },
    "tc20": {
        "st0": {
            "state": "straight",
            "value": 5
        },
        "st1": {
            "state": "left",
            "value": 10
        },
        "st2": {
            "state": "right",
            "value": 40
        },
        "st3": {
            "state": "straight",
            "value": 17
        },
        "st4": {
            "state": "right",
            "value": 85
        },
        "st5": {
            "state": "left",
            "value": 55
        },
        "st6": {
            "state": "straight",
            "value": 24
        },
        "st7": {
            "state": "left",
            "value": 10
        },
        "st8": {
            "state": "left",
            "value": 60
        },
        "st9": {
            "state": "left",
            "value": 40
        },
        "st10": {
            "state": "left",
            "value": 35
        }
    },
    "tc21": {
        "st0": {
            "state": "straight",
            "value": 5
        },
        "st1": {
            "state": "left",
            "value": 45
        },
        "st2": {
            "state": "left",
            "value": 35
        },
        "st3": {
            "state": "straight",
            "value": 21
        },
        "st4": {
            "state": "right",
            "value": 40
        },
        "st5": {
            "state": "left",
            "value": 15
        },
        "st6": {
            "state": "left",
            "value": 70
        },
        "st7": {
            "state": "left",
            "value": 25
        }
    }
}